id,dni,nombre,apellido,telefono,email,matricula,habilitado
b15c76c8-1335-43b1-8f36-019c410cca04,516,Olivia,Halla,02-527-590,olivia.halla@example.com,40058200,True
94c9f06e-1dea-4b19-997a-61b159e47b98,7715413,Heather,Carlson,011-365-1410,heather.carlson@example.com,06839799,True
3b020ad6-fbef-4af1-a1a0-5b92621f49c7,95619662024,Pamela,Rivas,(619) 532 9369,pamela.rivas@example.com,58794542,True
cb28625a-cdc7-47d2-8328-3a3c9ad79dcf,7567227197105,Rahel,Meunier,078 587 66 99,rahel.meunier@example.com,52321948,True
73028c5e-2e86-43e5-afb4-d4c752ef8b2f,49080284198,Otto,Behringer,0561-8433933,otto.behringer@example.com,00721810,True
40462aca-570c-4438-9e6a-a570193533f7,34088933129,Orlando,Almonte,(649) 353 7309,orlando.almonte@example.com,54234141,True
4a3c9fbb-9dba-4aef-b855-4de2b43c1fb2,12255782,Rafael,Medina,982-402-569,rafael.medina@example.com,21247582,True
34b00665-90c0-4b2d-bf29-01c31d31e62b,74201878,Levi,Walker,(768)-476-7336,levi.walker@example.com,70575633,True
892d656e-55d1-4dad-82d7-6ea3b06a01f1,7565861533278,Gisèle,Clement,075 553 49 28,gisele.clement@example.com,24944028,True
31bb1579-7457-4273-b8d4-277f696c51f0,9619909,Sherina,Balci,(0283) 860749,sherina.balci@example.com,42769212,True
ac905b57-0def-4642-be42-d86d2ed8ca37,6054257,Ryan,Weaver,051-073-7434,ryan.weaver@example.com,38730843,True
3754247b-9c42-4732-a5e3-70399fddfd51,58361253,Oya,Numanoğlu,(971)-928-2700,oya.numanoglu@example.com,55858286,True
24398be3-8c19-4ce3-828f-f76be0e91b09,14071098252,Björn,Wölk,0688-1551770,bjorn.wolk@example.com,84847761,True
a4674c2e-3cac-46ba-855a-61a05469202d,549033423,Danko,Teodosić,036-8232-272,danko.teodosic@example.com,58939510,True
9a07aec0-00cf-427b-a36f-7713d8ebac9b,2410650541,Maja,Larsen,20406808,maja.larsen@example.com,13910149,True
8857f3df-5a63-4982-8da1-8554bdacd000,423824042,Brankica,Peković,034-7662-250,brankica.pekovic@example.com,02367801,True
06645dfe-fb03-463b-9f42-3aaef145d57e,298080953025967,Océane,Girard,03-35-67-75-35,oceane.girard@example.com,05361727,True
a24c5e90-c6fe-49ff-81e1-f0fb2ef1f2ce,31054600898,Rose,Clausen,30058340,rose.clausen@example.com,91456762,True
f80df2ef-d769-4a34-b02b-36dc50d75f32,82362853,Irina,Jović,016-5835-946,irina.jovic@example.com,28080803,True
d91b6b76-646c-4e36-9a19-739ceaca63d9,38452371,Oliver,Ginnish,J85 P67-1885,oliver.ginnish@example.com,79758254,True
8bc97147-8789-4d9d-8dab-6ff64fb2e4c4,31028280,Mehmet,Arslanoğlu,(539)-599-4181,mehmet.arslanoglu@example.com,99081715,True
0de6adec-6a23-411f-9424-28e8f11c69ed,7561273157991,Claire,Sanchez,079 788 50 52,claire.sanchez@example.com,96713327,True
7cba1762-fdba-4de2-991c-b0078ed28f28,25078609764,Bo,Zielinski,86372621,bo.zielinski@example.com,58355053,True
22dd59ad-6a91-42d3-b8f8-df5e8212d2df,343283549,Gail,Wallace,05-8137-4191,gail.wallace@example.com,92985823,True
ad3533b3-5358-416f-a97f-0557364b964f,64110685679,Tülay,Schnell,0075-7749995,tulay.schnell@example.com,97455003,True
a3f81558-94e4-425f-a037-fe4058b31719,392950104,Duško,Simić,020-2645-111,dusko.simic@example.com,74808821,True
e7d002c0-e087-42dd-a8b0-33b168390746,77457360,Anna,Moya,941-433-366,anna.moya@example.com,41276176,True
0459bd03-951c-445f-bbaa-3381def21620,370141541,Alexander,Williamson,(729) 798-3354,alexander.williamson@example.com,25741797,True
4d360636-9d63-4679-9653-3bf534ef086b,95643283195,Marisol,Luevano,(618) 302 3845,marisol.luevano@example.com,57873897,True
4c0c7f6a-958a-4bc8-89f8-bd753d1e9514,249113066892553,Angèle,Renard,04-80-85-23-05,angele.renard@example.com,11967078,True
c8c22950-b316-47af-9dee-df269aba4752,25331651,Sissi,Klinkers,(046) 1698846,sissi.klinkers@example.com,60576120,True
63118d47-0f95-4bf7-96f8-d84483982757,49009972,Nathanael,Gerlach,(014) 9771111,nathanael.gerlach@example.com,38988094,True
e7e0563d-1c0d-416e-87a4-14a8e59f695f,39120468822,Lilian,Mainka,0351-8739818,lilian.mainka@example.com,04557084,True
90350c35-b3d8-4514-b5f5-267c6102c518,424108349,Serenity,Ruiz,08-5861-9952,serenity.ruiz@example.com,28427761,True
ec9d4877-1dc7-496e-89ac-2ee93f403128,295045771338924,Coline,Francois,02-53-02-06-63,coline.francois@example.com,63182078,True
eccb831a-a291-470a-bdd1-5d7845c2bd62,7563915387871,Christel,Picard,077 338 23 63,christel.picard@example.com,23522599,True
d2a14c5d-1f2d-4785-99fc-ef1e1b2873e1,7949102,James,Jensen,071-009-8455,james.jensen@example.com,45347102,True
85f8ff62-d133-46c8-ab17-62a3feac420b,350354,Sheryl,Macrae,017687 38701,sheryl.macrae@example.com,89323269,True
d6aeb55e-ac26-464b-9519-6904dbcd9193,57280772074,George,Stocker,0373-7936145,george.stocker@example.com,37723205,True
6cf0ed23-c528-4bef-9c02-ffe5754b5d73,595340497,Aćim,Stošić,027-1979-013,acim.stosic@example.com,60002149,True
938d6981-84ca-46b5-8ea5-c4a424b7dbf5,647103833,Mabel,Chapman,(599) 260-0938,mabel.chapman@example.com,84043411,True
f0e5ee3a-bb06-4b3e-9f71-80f3fd8e352d,60709898,Gleb,Ievtushok,(067) A93-1645,gleb.ievtushok@example.com,28796381,True
ff8d25c6-2f13-4ec0-9e52-5654e596e03b,26186751,Encarnación,Vázquez,954-659-180,encarnacion.vazquez@example.com,09987708,True
b75ac69f-3997-47d1-afc7-98005be8bf31,7564947251340,Paulette,Lefebvre,077 822 52 64,paulette.lefebvre@example.com,53446243,True
bc7eff8f-2569-4d89-b5fd-44b7e90274f4,171078322487833,Thiago,Caron,04-13-03-61-48,thiago.caron@example.com,45162830,True
e981b6d0-ce42-4731-94d7-14a68212204c,275875,Kayla,Torres,016977 27900,kayla.torres@example.com,82944141,True
ad4f4f90-2164-4c19-88c7-3cc1ede4b591,13104920971,Ørjan,Toverud,68403431,orjan.toverud@example.com,87036994,True
3ca2c94a-cc89-4727-a65a-a09885fc1cc7,37304183256,Óscar,Fajardo,(609) 379 6730,oscar.fajardo@example.com,49761793,True
5a14f60f-9de8-4376-a4f8-b99a38b72cec,324019602,Dragoljub,Marinković,034-8531-507,dragoljub.marinkovic@example.com,23210521,True
220ba3fa-fd56-4878-aec0-547385b13718,61878006,دینا,کریمی,011-97442485,dyn.khrymy@example.com,41478765,True
a8a84df6-ead0-425f-ae20-58cdb4dfc76b,73951371,محیا,کوتی,050-85399371,mhy.khwty@example.com,92340525,True
03d5136d-6920-44a8-b4dc-f8a743d61e86,71619706,German,Moreno,972-283-708,german.moreno@example.com,69044981,True
d6b8ce38-a3ac-4d2b-9f12-f9c0cd49715c,20470394,Kaća,Nikolić,019-5556-157,kaca.nikolic@example.com,79030903,True
1e945190-94bf-478c-a09a-de38a8e522fc,54034268,Slobodan,Ilić,016-6177-852,slobodan.ilic@example.com,68073725,True
0c4c1fcf-b9a0-48ca-a400-5c1837a1afdd,329784330832,Baljiwan,Chiplunkar,8691840803,baljiwan.chiplunkar@example.com,43091989,True
17cbfef3-52f1-4d9d-aed3-8551a82558cf,31075541468,Maren,Abdulle,50615006,maren.abdulle@example.com,14599842,True
7a3d1a43-0fb4-4f47-a2a5-eeee1f788942,62589084824,Priscila,da Rocha,(83) 5544-2397,priscila.darocha@example.com,10545796,True
7fcb2222-d684-4681-b727-305d7437e01f,133296,Marie,Clarke,016974 41078,marie.clarke@example.com,09915521,True
3ba0e453-e98e-461e-9161-c6945a250798,7568836803916,Luise,Garnier,076 649 86 78,luise.garnier@example.com,16571855,True
d669f69e-582e-4b5e-92dd-cd499155a409,2045216279,Christiane,Barth,77044998,christiane.barth@example.com,95743864,True
2a1b4a92-7a20-4428-a3d7-3cca2a0e96bd,41358748,Dina,Dubineckiy,(066) G08-3538,dina.dubineckiy@example.com,75944513,True
a2ff9369-0b9b-4247-b621-d47e46f35548,840361062529,Bachittar,Dawangave,7426854637,bachittar.dawangave@example.com,21325725,True
51f6cd82-19ba-462d-81bd-393e5c596040,820563948,Adam,Gagné,N62 X63-0475,adam.gagne@example.com,21194894,True
59ea460d-68bc-4246-9f29-2cb41f2f8608,453484843,Annie,Obrien,05-1281-7904,annie.obrien@example.com,01218992,True
dfda3594-48ee-4cdf-8f1d-3865e35b531d,7561034008956,Beat,Durand,077 889 43 19,beat.durand@example.com,85266026,True
4bd6e295-ecec-4170-b742-b8d74d442ee2,5581564,Renee,Van Glabbeek,(042) 9652326,renee.vanglabbeek@example.com,49004288,True
857c303b-46d9-45e0-9fd7-88553f04ccf7,3249465027,Gaspar,Gonçalves,(79) 5146-7124,gaspar.goncalves@example.com,96378031,True
0468d8fc-b483-4a77-a0ec-d66de5353af9,620486258,Adam,Jenkins,(606) 471-3852,adam.jenkins@example.com,30329306,True
60b7c3f2-b04c-4eae-912e-90aa29bf2c11,37585584,Arthur,Wright,(798)-078-6482,arthur.wright@example.com,61241796,True
3c083bbb-9ff3-4f79-8f9e-f7f735a57edc,519373330,Irina,Šakić,013-3683-857,irina.sakic@example.com,67443595,True
6a09d098-d8f0-47eb-9863-d916e1f35cb0,2602164628,Olímpia,Nunes,(38) 6346-7367,olimpia.nunes@example.com,99740402,True
db081006-cdb1-4fd9-ac53-b8796404c4bd,8489692,Sheryl,Oliver,011-769-9400,sheryl.oliver@example.com,49026837,True
557ce5b6-bc06-4593-99ec-704287baf495,459,Eetu,Nevala,08-880-248,eetu.nevala@example.com,75373036,True
587a354d-89c8-4a5a-821a-cc5c5bc45408,7386802,Nathan,Patterson,011-361-3712,nathan.patterson@example.com,94033875,True
37c15b4c-f6a1-4786-aea5-829927d60c8d,74,Olivia,Ahonen,04-897-065,olivia.ahonen@example.com,95204115,True
ce73e720-5b4a-4110-827e-68be1f9c1fbf,53483568,مهدیس,حسینی,096-91494626,mhdys.hsyny@example.com,70870617,True
63bfd580-78f9-4661-afcf-fa2016ad1f54,512398021832,Kavya,Suvarna,7870215019,kavya.suvarna@example.com,40694059,True
9e245e70-6572-4151-91a2-6fe0a00f5e3f,79718143,Yonah,Bruijns,(004) 4660565,yonah.bruijns@example.com,91042702,True
7b3ac7a7-b114-4e56-b334-4d01a922dd00,679778807,Lonnie,Fisher,06-5344-3971,lonnie.fisher@example.com,02730294,True
73dcfa4d-1f4f-4afc-b0f5-1b78ea15a110,176060,Tracy,Cox,016977 66195,tracy.cox@example.com,36698554,True
5fae384f-d1dc-480c-9221-efdcb0ec698d,71882812723,Aditya,Kouser,7436196046,aditya.kouser@example.com,51749542,True
7a9e2e1d-2633-48f5-892d-9c82b2dc8578,2306897357,Mille,Christensen,59889966,mille.christensen@example.com,07257910,True
1ca58994-3159-4577-9374-f2dd775b8d43,6601984,Mohamed,Esteban,965-294-512,mohamed.esteban@example.com,57210805,True
a6ebfefb-c06f-47c4-9147-065e2bde4f65,85686354,Dominik,Verhoeks,(009) 0860784,dominik.verhoeks@example.com,45389357,True
0e8bd578-2a4c-4507-b378-ac3515a16d5f,570900,Barbara,Roberts,016974 36894,barbara.roberts@example.com,29434424,True
6a32d533-7dcd-47f8-a5cf-b5f45055c707,98278666792,Mariano,Pizarro,(627) 050 8080,mariano.pizarro@example.com,87410627,True
3f772634-c462-4843-84bd-e3cc3cd49d71,307587027,Natalia,Španović,029-0703-727,natalia.spanovic@example.com,38455861,True
0d310a14-64f3-41f6-b855-8d775c25ee19,24182376,Oya,Alnıaçık,(695)-011-5925,oya.alniacik@example.com,33320312,True
01d70c65-fb6a-44fd-a535-4ce4cf00e750,222181462,Katarina,Obradović,031-8113-777,katarina.obradovic@example.com,16329070,True
1417bbc8-0b71-4d81-9264-cf1ea43060f7,17035828567,Konrad,Fylkesnes,55716887,konrad.fylkesnes@example.com,51424125,True
93068409-a764-40f1-9ce6-9b263837ce0f,30840731992,Mateo,Caraballo,(686) 971 0771,mateo.caraballo@example.com,87674595,True
b5158e84-b9dc-49db-9fe4-8089ebe6f386,764530270,Dušan,Terzić,038-1432-876,dusan.terzic@example.com,29708113,True
dc059fe7-7f41-4ce8-9615-6523de326ad5,243021,Angie,Cunningham,019467 43819,angie.cunningham@example.com,67232323,True
a3b55432-9512-41ae-8e88-7fba1be54fd6,66550448,طاها,نكو نظر,039-39764446,th.nkwnzr@example.com,81520525,True
0f5be9b6-0763-42f7-9f35-b4162d538ad3,70047134,Hugo,Wood,(241)-496-9448,hugo.wood@example.com,96972546,True
2a63d8f4-dcba-4e7b-8532-08424925a0e6,70909953921,Ofelia,Camarillo,(603) 626 2028,ofelia.camarillo@example.com,91164171,True
6280c0d5-791b-4744-b12f-a149c5d564b4,44299614078,Maritis,Nunes,(61) 8355-1845,maritis.nunes@example.com,62396073,True
b0d0e056-6617-4bdc-a95f-164922ec7747,5065766,Herman,Murray,061-628-9896,herman.murray@example.com,36702130,True
3bae85e8-69ea-4ebd-bb0e-191eb4ff55f4,187061229857014,Kylian,Marie,04-66-65-08-26,kylian.marie@example.com,87172091,True
08488e00-2a81-4d95-bf5c-28524d306d41,78501814,Marianne,Patel,A06 R71-1829,marianne.patel@example.com,00773994,True
bba16d9e-004f-40f4-9f06-6ed2601236b3,611866891,Anna,Andersen,98853875,anna.andersen@example.com,61572021,True
5c1c18d4-a480-4b2a-afb1-aedb677a2b7c,751816484,Ivica,Anđelković,036-1681-663,ivica.andelkovic@example.com,74716670,True
69f7c4a7-cf05-40e0-97c5-7bf2e988918b,35697968,Laura,Hofmans,(052) 8980064,laura.hofmans@example.com,22899325,True
7a66c714-07c1-44f7-95b3-694162c31427,922689667894,Dona,Rai,9178779696,dona.rai@example.com,88530823,True
29d1b4c4-93f2-4efe-9aa2-bbe9400c3b97,990543,Rose,Snyder,051-551-8362,rose.snyder@example.com,10533976,True
870563ad-9133-43c2-b4e9-bd4b28b5660f,8068221596,Billy,Lyng,37956333,billy.lyng@example.com,15394142,True
de432e3a-9af2-4d70-9156-e564ae31353e,7563939101616,Jasmina,Riviere,078 508 91 61,jasmina.riviere@example.com,91369634,True
7560d54b-c900-4180-9587-24a61285278f,70725585,Hannah,Lavoie,X95 L76-7738,hannah.lavoie@example.com,51425365,True
64f60384-70a1-4801-9a52-b879b2c1dc57,7568300685205,Jasmin,Mathieu,077 785 17 22,jasmin.mathieu@example.com,37522886,True
87b4256f-5bc5-4a20-879c-f9b80183e689,66123648,اميرمحمد,نكو نظر,022-20967122,myrmhmd.nkwnzr@example.com,71945810,True
36fbbee9-3694-4d6a-89df-0d6d367ea2b4,305949942,Thea,Andersen,25485042,thea.andersen@example.com,26610774,True
231a41e2-5ed9-41ee-a984-2499b8a48d98,756787566,Ilija,Katić,018-6696-084,ilija.katic@example.com,77059776,True
87eaf69f-f549-4656-96ee-3ccc3dae6b3f,159032311263359,Alban,Richard,02-54-63-49-05,alban.richard@example.com,23969953,True
0e893c48-3793-48f7-8d7a-02c372e620bc,4143529,Tyler,Taylor,061-334-8791,tyler.taylor@example.com,83762155,True
369ea34b-d8d0-4289-889e-3b6affba7557,78228138,Hayley,Cooper,(792)-405-0979,hayley.cooper@example.com,93317645,True
ebf9d29f-de27-4b3f-993d-62b613a062dd,43273787,درسا,محمدخان,005-49987990,drs.mhmdkhn@example.com,63501929,True
110743da-168e-46ab-9fd2-62454fa12b95,74585078,Edo,Ijntema,(011) 5086617,edo.ijntema@example.com,58531055,True
a34cc827-ff67-47b2-a9b2-d9890b2e46a3,37201735,V'yacheslava,Zlochevskiy,(099) I90-7416,v'yacheslava.zlochevskiy@example.com,05502064,True
fd9cd46c-89ef-48dd-9ad1-6f1aba307903,295002560265409,Maëly,Fournier,01-93-02-45-06,maely.fournier@example.com,64184287,True
e36b2254-05f8-4b76-9a77-89234bc077ff,774891650,Delores,Douglas,05-3250-0911,delores.douglas@example.com,45736465,True
822dbc9a-ded3-4450-aa1e-6c240bc106b9,68650771,Sekleta,Batig,(067) U06-0244,sekleta.batig@example.com,35437959,True
7825946a-8603-40d5-85da-9aee1d292247,127817088,Hudson,Clark,W51 Q33-8872,hudson.clark@example.com,04942756,True
052aa839-ce0e-4314-89c4-93bf7f9074ae,191100736643849,Florent,Hubert,04-88-42-74-49,florent.hubert@example.com,87906257,True
a5c19c6d-02d5-4ad7-85a1-09493f1405b5,30016846356,Birk,Asheim,65793452,birk.asheim@example.com,67280638,True
1a2b8c57-e764-421f-bee7-f799cf8a3ea5,5185819,Shifra,Mertens,(0667) 253547,shifra.mertens@example.com,50792042,True
b9b08ac7-8c20-4391-a6c9-a83ad9f9a4d6,73,Emil,Wiitala,04-302-734,emil.wiitala@example.com,31124758,True
52830143-815d-48c2-8f5e-bfaaffccb767,32260781,Sophia,Brown,(347)-067-6695,sophia.brown@example.com,99008656,True
d71ab844-b583-4ede-ac1a-25a7f0a4313b,47221204301,Aristóteles,da Paz,(41) 4398-7608,aristoteles.dapaz@example.com,83009980,True
da76147c-d030-4f08-b43e-1d41423075c7,31201684,Ceyhan,Çankaya,(882)-409-8244,ceyhan.cankaya@example.com,26179206,True
eb2150a4-95b4-4a72-8c21-507a263c4539,759479197,Mario,Johnston,07-2450-8691,mario.johnston@example.com,90072662,True
c9e701e8-cf73-4917-af9a-d72d070b4ccc,73446760,Dorogosil,Grinchishin,(098) I64-9400,dorogosil.grinchishin@example.com,17718541,True
cbe964ec-df15-4783-9cbf-b599e989a509,11144756,Andrés,Gallardo,915-780-103,andres.gallardo@example.com,87510659,True
45b2cd0d-a485-4d8e-9cc8-8959cceae829,496279,Jerry,Fletcher,016974 27736,jerry.fletcher@example.com,27256345,True
d418b4f6-d85d-45b5-8f0a-12c1da54e9b5,485495913,Celina,Cooper,(670) 457-9162,celina.cooper@example.com,38883037,True
b61331df-e48b-4ed0-9813-d2cf06d55da0,22599034,Lucia,Sáez,961-421-473,lucia.saez@example.com,00147465,True
7857d7d7-6d22-414a-93de-ad8e1ced64d9,472722207,Andrew,Burns,04-1583-6490,andrew.burns@example.com,84695092,True
a03bcaef-c5e7-4dde-b62e-323e00ec3157,59113262,Yolanda,Parra,904-224-301,yolanda.parra@example.com,21676679,True
df89b7cd-cbee-421b-a1d5-9f157e0074dd,408762216,Alma,Riley,09-8461-9284,alma.riley@example.com,79091816,True
98cd73fa-8454-49e4-957a-f9a6e25b6225,811923,Cameron,Holland,015242 42252,cameron.holland@example.com,58076128,True
8d19a726-7b14-4146-8230-856c68947f57,42182296,Yentl,Kruijs,(096) 6388914,yentl.kruijs@example.com,27498567,True
6ce052df-7928-4bf8-96ac-137b7f1a524f,7568727407163,Fernand,Giraud,075 212 54 53,fernand.giraud@example.com,71147814,True
537f7a81-4cf4-4075-9d68-38f6543df761,245020078583319,Loane,Perez,01-77-36-20-84,loane.perez@example.com,00033425,True
f50a309c-f390-4a4b-a5e8-39b7306a440b,76830388,Masha,Van der Most,(011) 2157133,masha.vandermost@example.com,32180767,True
7da38ec2-1f74-463b-a20c-2ad925a2372b,166093547,Jayden,Castillo,00-3563-2297,jayden.castillo@example.com,78921973,True
e58684bf-d1cc-4a7c-b976-0a5372bdc4aa,63051319,Borislav,Butnickiy,(098) X13-1618,borislav.butnickiy@example.com,38829659,True
10db56cc-5c0e-4d9c-b658-e8a3be2c456a,74983154,Anton,Radanović,038-6971-751,anton.radanovic@example.com,02145154,True
c8bc0c48-9198-42f5-8566-10bcb28628bd,20826421,Sasja,Raaijmakers,(021) 8855125,sasja.raaijmakers@example.com,48483181,True
d62e5f1f-fb60-4704-8e4f-b06da569c5ab,72111172840,Alwine,Buß,0442-0118914,alwine.buss@example.com,12653326,True
96c2e85c-1390-432a-b93d-7dda2caa0b67,28116124868,Nela,Bjørkedal,88964592,nela.bjorkedal@example.com,92313261,True
5ee5057f-039d-46b7-b485-61baee600714,661257289,Owen,Reid,08-7897-6361,owen.reid@example.com,19972328,True
89c7dfaf-4513-49dd-9e9a-f2ade281eb95,26405084,Terri,Webb,09-5245-7873,terri.webb@example.com,87151736,True
15a1e3c1-3ddd-4037-9333-f6fbd69f87bb,78067091,Dolores,Castro,961-023-057,dolores.castro@example.com,94926284,True
aabc9629-36f9-4bf7-944d-b91a378616a2,912976064,Alberte,Christiansen,74989839,alberte.christiansen@example.com,01217853,True
23079735-ab5e-4ad0-b5bb-094127559e76,70150578531,Hedwig,Theobald,0106-3384352,hedwig.theobald@example.com,32574406,True
919f9307-3285-4aad-a04e-fc0a88ca76a5,86913339075,Óliver,Olmos,(683) 717 3453,oliver.olmos@example.com,58252907,True
c799b1de-7dda-4684-8d51-3bbc0db1a2c5,20,Elsa,Lepisto,05-539-363,elsa.lepisto@example.com,57579392,True
6e8f9e26-f7a4-4a83-8f0f-15f884feb7ed,1301696895,Julie,Kristensen,32174082,julie.kristensen@example.com,66121154,True
5c68aeb9-d60a-4f70-8e4d-dd4e0dc13290,15558147925,Sessa,Vergara,(655) 606 3087,sessa.vergara@example.com,65459146,True
19bd0752-6c92-435e-9131-d54a7f19cfa4,3304347,Beatriz,Gallego,964-636-698,beatriz.gallego@example.com,84778237,True
a671a0eb-e207-44c0-bd96-e12066a918a8,587627791,Živojin,Lazić,012-9353-930,zivojin.lazic@example.com,03024400,True
f2143456-45c8-413e-acfb-2e275d88d900,677510497,Emilie,Singh,F71 H75-1351,emilie.singh@example.com,63396589,True
33d641c0-dc4a-4928-a13c-503f70a687ab,697136484,Terry,Butler,(475) 561-3473,terry.butler@example.com,80627694,True
776fc2c4-4393-400a-bfcb-de1c06ef21a2,55258855,Oya,Akay,(704)-442-9510,oya.akay@example.com,54018627,True
9b185148-e784-4aae-9986-1cf1fe40c556,172023612588661,Estéban,Roche,03-12-87-07-93,esteban.roche@example.com,19110236,True
3d2a5e3b-f754-4179-854b-266881190c1a,24157388754,Beatriz,Vázquez,(667) 454 1968,beatriz.vazquez@example.com,62263950,True
1a41a1e2-4d29-418d-8647-286713488730,853533632,Damir,Damjanović,010-1489-895,damir.damjanovic@example.com,82475733,True
39b2f91f-e0f6-4e8c-bd1b-cb4a543a28ec,805659396,Naja,Christiansen,70550473,naja.christiansen@example.com,86140838,True
7fa896f8-3cc6-4662-9970-9cb1befa7161,32196027,Ievfrosiniya,Atroshchenko,(067) A94-9209,ievfrosiniya.atroshchenko@example.com,60628817,True
75516849-5f14-4b8d-97e5-2ba090987079,680078398372,Shona,Mugeraya,7613706965,shona.mugeraya@example.com,01317962,True
67f368d9-53d1-491b-bf97-4d8c619175a1,95569967,Crissy,Weijer,(029) 7927263,crissy.weijer@example.com,88476479,True
179a6030-7364-4e0b-add4-d13c3533a167,50871879517,Karla,Llamas,(693) 483 0307,karla.llamas@example.com,57203965,True
547f78ad-44b0-4b49-bf21-f4bc958fddff,752968957193,Ajay,Dhamdhame,7888665442,ajay.dhamdhame@example.com,90929311,True
c5d667c2-b49c-447c-b985-e7fa96352ecc,24151452,Koray,Erberk,(034)-296-6434,koray.erberk@example.com,03178192,True
420d192c-503c-4a83-a792-413d4ff3e19b,326,Aada,Seppanen,04-906-475,aada.seppanen@example.com,00693982,True
ee69b03e-f03b-4d09-91a2-01e7785ef59b,51899002,Sedef,Kulaksızoğlu,(299)-367-0242,sedef.kulaksizoglu@example.com,39585873,True
06bc0f0e-b1cc-479c-9b53-6724a5c69c71,22076540903,Elling,Løver,21035872,elling.lover@example.com,60003756,True
aea58746-76e0-47e2-8930-19d989708999,8099835665,Helin,Røst,74412115,helin.rost@example.com,64488967,True
f7567372-314a-4c45-809b-1afc0783cc9c,5811826,Amelia,Fox,031-347-7031,amelia.fox@example.com,80708198,True
834abe14-aed9-4cfa-90d0-d473f7b9080a,32843145,Renee,Palmer,07-6355-7552,renee.palmer@example.com,71120164,True
714c4690-2627-4a5a-9f69-b3b90faf8506,992557257774,Adyasa,Chiplunkar,9679325288,adyasa.chiplunkar@example.com,67343806,True
a8ef9148-32cb-4ddb-8150-fdd58e2a2174,6489379,Sarah,Larson,071-135-3562,sarah.larson@example.com,69010875,True
2ee3d8a7-4c56-4814-bddf-0255db1f22f7,167017576057097,David,Deschamps,03-52-78-51-41,david.deschamps@example.com,56832791,True
929b29d8-b1e0-411a-aab0-d5ec4bf97dcb,83677388,Remedios,González,918-379-509,remedios.gonzalez@example.com,36172819,True
db620a4c-9d19-4233-8080-d0d057be0921,177010477719135,Edouard,Lefebvre,05-85-69-37-68,edouard.lefebvre@example.com,75277573,True
d4beaaac-f4dd-4abc-99bb-ecd83df79885,667863998,Ivana,Jeremić,019-8232-059,ivana.jeremic@example.com,24206251,True
98da282d-1087-4f1c-85b3-bb1673cc560b,327811397,Brent,Harris,(507) 353-7637,brent.harris@example.com,23498691,True
c14cdcc1-064d-4c2a-bccf-78a876664153,424,Emilia,Hanninen,07-252-442,emilia.hanninen@example.com,19477191,True
82dffaf8-0238-4f38-9128-a34564df679d,383107226,Staniša,Janković,032-6610-921,stanisa.jankovic@example.com,22794276,True
4969d4f9-57cc-42a5-bf0b-06ec676c2c22,7566415861153,Franco,Fournier,077 682 46 70,franco.fournier@example.com,66296004,True
bbd171ea-8244-432e-a6a3-c573a9067130,792329974,Noelle,Grant,04-6544-5089,noelle.grant@example.com,31704083,True
5d5a9827-4734-492f-9359-79b2addc263c,40762522667,Alolika,Chavare,7386942626,alolika.chavare@example.com,84459272,True
686da5a2-3b52-40c0-8111-6fe4dbbb68e8,759,Viljami,Peura,04-902-908,viljami.peura@example.com,61649876,True
d0b2dbec-21bb-4203-ace9-3cb51e60b62e,71217116,محمدمهدی,یاسمی,097-06605930,mhmdmhdy.ysmy@example.com,89878621,True
d04dd0ad-b209-4ada-a06c-3fc1c215e0df,31650521,Adriana,Santana,984-718-799,adriana.santana@example.com,20162854,True
ae3654dc-b6b5-41e4-b1ca-68513b07d139,78426106685,Jezabel,Viana,(26) 6492-9741,jezabel.viana@example.com,58429615,True
3d6c31e2-c935-469b-8536-36af5b0fcb95,7568863143077,Élise,Jean,077 800 44 66,elise.jean@example.com,10641163,True
c4a096ae-67d4-4a0d-83a6-8d67c2555c45,31115154,حسین,جعفری,000-16382478,hsyn.jaafry@example.com,63882310,True
0783452e-d176-4d39-8dd7-91a9bec9f0b7,280067030497893,Lena,David,02-24-39-32-14,lena.david@example.com,66668995,True
9f6102d6-290e-4558-ac0f-dd4975d2f989,43618809,Ahmet,Tüzün,(210)-344-7808,ahmet.tuzun@example.com,38449851,True
d566e12c-db25-4b3b-9dbf-576240c725a0,381682170,Keith,Obrien,08-3885-1245,keith.obrien@example.com,79012492,True
