id,dni,nombre,apellido,telefono,email,direccion_calle,direccion_numero
e2bfcdaf-f09b-4bed-9674-5effdd27af5c,773149521,Jasmine,Ennis,T58 I21-9541,jasmine.ennis@example.com,Wellington St,23151651451654151564165416541162415341624153143646123
3afd99dc-9e16-4139-aa1b-94b30f7ec311,757163289,Gwendolyn,Adams,(435) 505-4270,gwendolyn.adams@example.com,Dogwood Ave,1597
48a4ce73-40d8-4041-babb-9c532e963968,2107865199,Silke,Johansen,25658024,silke.johansen@example.com,Alleen,4816
973005d9-58e7-432c-b725-9e3a3c67dd5f,6128328848,Angelika,Torset,33059474,angelika.torset@example.com,Bredes vei,4960
e1438458-8057-464d-85cb-527f932cba2c,4117725354,Jamie,Eidem,89185627,jamie.eidem@example.com,Knud Graahs gate,9757
b60b8222-f592-4efe-8fb2-703e3b6e8dd7,196533004,Etienne,Scott,Z94 D31-6022,etienne.scott@example.com,Pine Rd,9431
45860863-c015-4201-8b3f-1c8c2a64df4a,879349634,Milenko,Blažić,037-1741-768,milenko.blazic@example.com,Bariljevska,9459
d0705465-6de0-4d9d-85c5-5840946cb813,461,Niilo,Laurila,06-110-735,niilo.laurila@example.com,Verkatehtaankatu,4987
8d047a80-83b0-4681-bfbb-1e9c7163b353,20670556,Zlatomir,Timchuk,(098) J43-3015,zlatomir.timchuk@example.com,Vakulenchuka,8319
ee96baea-e01c-4e58-bc53-509f7b721074,77641558,Hazel,Smith,(267)-774-8438,hazel.smith@example.com,Tennent Drive,475
e60b7620-f792-46cf-a7ab-9ee803f069b4,6948787,Concepción,Martin,997-829-990,concepcion.martin@example.com,Calle de La Luna,8436
9d4ef2d8-94c0-4686-957b-73175d9fcdea,45781263,Kenan,Köybaşı,(816)-191-3107,kenan.koybasi@example.com,Şehitler Cd,9472
511b9000-28d8-4b32-b805-6dff7151a134,64375426,Koray,Solmaz,(527)-921-1257,koray.solmaz@example.com,Filistin Cd,1889
9457e3a1-df98-49bc-9ede-51be89028b5d,75347337,Leo,Patel,(773)-790-9750,leo.patel@example.com,Kennedy Road,617
5642fbf0-0907-48f0-bb36-728a7f51674e,21067030955,Lukas,Havnen,53811056,lukas.havnen@example.com,Alf Bjerckes vei,751
7aadf6a7-eab5-4c52-ba85-511627023ed0,388942971,Gabrielle,Clark,K46 J77-5283,gabrielle.clark@example.com,George St,1712
bf0755ff-656e-4539-9f01-f76ceace9cbb,683798380563,Nachiket,Nayak,9696968580,nachiket.nayak@example.com,Lindsay St,2025
72c9df6f-a162-47db-b57e-a57549717e4b,127013,Blake,Palmer,021 1087 2708,blake.palmer@example.com,Fairview Road,9038
2305fb2f-ea2f-4292-9353-8809211b68be,45884325704,Luis Miguel,Ozuna,(629) 201 4284,luismiguel.ozuna@example.com,Privada Olmos,3304
3a927b2e-46d3-4d12-a011-9fa6ee46154e,893028,Gerry,Watkins,017684 90593,gerry.watkins@example.com,The Drive,588
b836f25c-5756-4018-8a38-4659ca6a870d,12789,Sophie,Horton,015394 59027,sophie.horton@example.com,West Street,6263
9a2507d3-cff6-47ca-884b-e083149cbc7d,15125324964,Olaf,Slyngstad,72633382,olaf.slyngstad@example.com,Thorvald Erichsens vei,1512
daeee716-8265-4c38-9ed8-4ad72369e530,3438391,Celia,Hidalgo,928-952-579,celia.hidalgo@example.com,Calle de Argumosa,3429
06f7cd08-dc34-4fcd-8eff-060f24afb09f,22583931,Ceyhan,Uluhan,(559)-194-6461,ceyhan.uluhan@example.com,Şehitler Cd,3771
ccbee489-af53-4e4d-89ed-313b0cbb74a3,2702627868,Karla,Christiansen,85697053,karla.christiansen@example.com,Søbakken,74
60a9d3a1-f152-40b1-b390-0a3a9d39b839,281738,Suzanna,Brooks,013873 81088,suzanna.brooks@example.com,Queen Street,5285
d384d466-2723-4733-8178-3341b84cf421,42552047,Adem,Sarıoğlu,(335)-340-9505,adem.sarioglu@example.com,Şehitler Cd,4454
caffb34b-e1fc-4099-9063-b52c79931ec8,26130,Sofia,Griffin,015394 06973,sofia.griffin@example.com,Oaks Cross,1265
56d40747-70ac-4c5b-b1fc-81d61f6af5a9,31416401,Thierry,Copier,(0870) 401951,thierry.copier@example.com,Jan van der Jagtstraat,1364
84a10208-9d2f-4420-8daf-9e6d5a9b47fb,44267888,Esat,Tekand,(822)-657-4379,esat.tekand@example.com,Talak Göktepe Cd,7222
e2208aa5-af17-4ee6-82b7-3c528b46fd5b,95702852221,Fabião,Rezende,(37) 6447-8464,fabiao.rezende@example.com,Rua Sete de Setembro ,3303
8df814b5-ee8b-4cdf-b966-a5bc84d534cd,5020822,Emma,Day,061-851-2264,emma.day@example.com,North Street,7507
703d9c65-c5f7-4996-8607-44552f4bb8bf,14700607,Carlito,Joosen,(074) 2714826,carlito.joosen@example.com,Dijkschouwerslaan,6462
de73eb34-d1e4-4c80-9953-76403bf0636b,7567635725568,Vittorio,Giraud,075 861 13 91,vittorio.giraud@example.com,Rue Saint-Georges,5616
3d1662ea-0a2a-40ba-baeb-c9d00ed48d5a,29769365,Alberto,Domínguez,980-461-625,alberto.dominguez@example.com,Calle del Pez,9322
ae5cfe4d-09a5-4711-a4e2-e436fb42f2c1,11703874715,Geci,Moreira,(81) 1569-0654,geci.moreira@example.com,Travessa dos Açorianos,837
ad79e6b8-140a-4f79-9e9a-51367477ab35,8322711,Arnold,Parker,041-690-2563,arnold.parker@example.com,Green Lane,3437
ec82c852-0fcf-4ffb-9372-06648627f32d,978711475,Jim,Ramos,08-8857-6307,jim.ramos@example.com,Mockingbird Hill,5707
63d4c0b7-5176-4c68-bfa0-6ff4f5d3b199,308490903,Vladana,Spajić,030-4698-635,vladana.spajic@example.com,Drage Vukićevića,4198
2956c084-e528-4c12-8ec4-c0cf5a9d886c,1756264,Curtis,Watson,011-210-1966,curtis.watson@example.com,The Grove,7134
8b65ba1d-41f2-484a-a805-3e655ceb04f9,723076196,Maeva,Ouellet,R67 S05-6645,maeva.ouellet@example.com,George St,1407
1ed7bd24-c015-4ea1-9ad5-d6ef1a62844d,59474080,Ceylan,Koçoğlu,(795)-334-8493,ceylan.kocoglu@example.com,Vatan Cd,807
b9f676e8-ad0a-4a3f-8026-3e6dab86c36b,48827707046,Teresa,Caballero,(600) 084 9061,teresa.caballero@example.com,Circunvalación Guerrero,8193
de6639c1-7715-4f70-9ffb-c1723e38a568,93236465635,María Cristina,Ozuna,(636) 497 4532,mariacristina.ozuna@example.com,Privada Nevárez,8039
c6e4b887-d08d-46ef-a90a-55720d6c500b,75309177,مهدیس,كامياران,056-16594030,mhdys.kmyrn@example.com,فاطمی,7823
1e8cbd0f-1810-43fe-b178-2a2eaddc2ff1,32982609,Lourens,Van 't Veld,(0245) 776445,lourens.van'tveld@example.com,De Rekere,8882
077aa059-6800-4d90-8d3a-85590b591e18,224718762034,Dwarakanath,Nair,9038221706,dwarakanath.nair@example.com,Car St,5311
12a6c32c-61b2-491f-a343-de8f3bf2fa46,78204846120,Concepción,Manzanares,(678) 479 8231,concepcion.manzanares@example.com,Callejón Sur Trujillo,4787
be4501f5-6d89-4ada-b51e-a01b1e38e2fe,38766218,Begüm,Koçoğlu,(804)-622-5265,begum.kocoglu@example.com,Tunalı Hilmi Cd,3372
0f2ee503-d36e-4e64-8af9-1b951db6120f,975528628,Leo,Brewer,03-2985-2586,leo.brewer@example.com,Plum St,352
65889261-24e3-4e30-9107-68ab6ff4c031,14426900,Werner,Ariëns,(0604) 585999,werner.ariens@example.com,De Bocht,9152
853655b5-b7ba-4e7d-a5fe-aa35e9e03cf8,67726839,Giray,Başoğlu,(544)-555-9856,giray.basoglu@example.com,Maçka Cd,6958
2c359115-5a34-432e-ae65-9cc183838823,7560778886632,Anna,Roux,075 520 94 16,anna.roux@example.com,Avenue des Ternes,9515
50bd64d9-4035-47ad-a8ef-05511b8c1c7b,28099044677,Selma,Figenschou,86072904,selma.figenschou@example.com,Pasopveien,7387
009ee7f1-1c9d-4291-9e2f-fdf9789b9cb6,70273805,Anouar,Kleeven,(0937) 456483,anouar.kleeven@example.com,Brandhofstraat,64
301b3114-cdf4-4b6b-8c2d-f00f8e6956b1,67247535,Mariya,Maksimchuk,(066) Y55-8849,mariya.maksimchuk@example.com,Saharova,6586
c2cd0818-3250-4c4a-955d-442b2a958754,2509468700,Tristan,Sørensen,84553854,tristan.sorensen@example.com,Holbergsvej,5058
6c655023-51be-45d9-85ff-81cf72a6c70b,31599805,Marta,Alonso,996-919-856,marta.alonso@example.com,Calle de Pedro Bosch,7917
e838be52-bc5b-4981-965e-5f22da3d1b65,86,Emmi,Heikkila,07-998-593,emmi.heikkila@example.com,Myllypuronkatu,4347
ea007ff1-272f-4271-8e70-95f1098f2e6a,31295592,Caitlin,Li,(828)-160-5907,caitlin.li@example.com,Anzac Parade,6205
323c8199-7fb4-4c72-9f0d-0621b56e37b0,47410685,Lukiya,Bozhko,(098) D18-2865,lukiya.bozhko@example.com,Pecherskiy uzviz,6318
9bc6f41e-844b-4c8a-bc19-67ee8a8c2cda,17579563836,Eduardo,Carvalho,(17) 9628-6801,eduardo.carvalho@example.com,Rua Onze ,5754
be1ca8af-5c5a-4424-a96c-2c9fa1339af5,75557141,Rita,Fisher,(696) 330-8558,rita.fisher@example.com,Lone Wolf Trail,4239
083fbbda-f2ab-4d5a-81ea-7572e9c7dd3b,40371016,Buse,Demirbaş,(879)-331-5947,buse.demirbas@example.com,Istiklal Cd,5531
b81c20dd-4335-44ea-a3fd-29b503175638,959605,Billy,Hunt,0121 407 2773,billy.hunt@example.com,Green Lane,9640
79608a93-8681-4868-b8f6-bdbb249b404e,164019685624037,Baptiste,Berger,05-58-10-17-95,baptiste.berger@example.com,Rue des Cuirassiers,802
cee88a2a-3a32-4027-8201-1bf5450291bb,29038623581,Noa,Jordal,56364320,noa.jordal@example.com,Flaenveien,4475
d1cee64f-31c7-4f78-a274-91e110083e2c,186025672133929,Hector,Dupont,05-71-15-23-78,hector.dupont@example.com,Rue D'Abbeville,2855
fe11bd75-c362-4ab0-abba-eac62860eb1a,818327992315,Tanveer,Mathew,8980322229,tanveer.mathew@example.com,Chaman Ganj,1593
5658661e-809b-4fdb-8e83-0f7fd5db2877,32282986246,Amanda,Zavala,(635) 409 8821,amanda.zavala@example.com,Cerrada Congo,2856
4f3362b3-3188-43cb-b3a5-9600a598bd7d,29876685316,Filomeno,Nunes,(01) 3483-3274,filomeno.nunes@example.com,Rua Vinte de Setembro,9286
adf0c814-b7a8-45ea-b24a-6cff8ce5c3fa,285737,Jessie,Barrett,016977 1362,jessie.barrett@example.com,Albert Road,5114
f409fb57-4812-4a25-954b-eae2cbf69c5e,254,Elli,Niemi,07-673-572,elli.niemi@example.com,Itsenäisyydenkatu,9628
aa0dd286-9435-4acc-af40-aeaa28f60b6f,3190871301,Malte,Niklas,0595-1577649,malte.niklas@example.com,Ringstraße,3899
9223de54-27b1-40d3-b46d-cffff06ad34d,90781830858,César,Casares,(631) 209 9166,cesar.casares@example.com,Callejón Sur Estévez,6673
550843cd-b6cd-466f-a049-3611b2e192d8,25545839,Trinidad,Carmona,965-970-157,trinidad.carmona@example.com,Calle Nebrija,183
0e9b49b4-2bd9-4b81-ad5f-9735e1a862b0,3067133373,Mahmoud,Molvik,60763867,mahmoud.molvik@example.com,Tullins gate,8261
c0601f91-a910-42f0-a342-62a6028c33ad,237938713,Carmen,Byrd,(715) 634-2940,carmen.byrd@example.com,Poplar Dr,5384
6c8b44e7-fa03-4de3-b5be-ae7850ec116b,7569394751091,Jorge,Guerin,076 905 76 96,jorge.guerin@example.com,Rue Paul-Duvivier,9256
3a8c65ce-a78b-44e8-b591-25df5b94b68b,84805366754,Araceli,Tapia,(618) 718 4272,araceli.tapia@example.com,Pasaje Quesada,4355
e0eab7a4-8c22-4725-b5b5-cb67cd6a7c02,577769088,Rhonda,Fernandez,09-0550-5241,rhonda.fernandez@example.com,Edwards Rd,4605
af37ae8b-04d8-4433-a7e5-385c8af70789,281048232629007,Emeline,Brunet,04-16-95-77-03,emeline.brunet@example.com,Quai Chauveau,1694
fa6272c0-4265-4c93-a3be-914397d9b9c0,161572346733,Shreedevi,Chavare,9646853456,shreedevi.chavare@example.com,NAD X Rd,3640
131d33a7-255a-4612-9348-467a302f482c,55728796,محمدمهدی,رضایی,060-98746708,mhmdmhdy.rdyy@example.com,استاد قریب,5231
004c94c7-4b17-4d4a-85d8-9f0dd54fb8f9,26295014,Sergio,Vega,978-415-696,sergio.vega@example.com,Avenida de Castilla,8720
17b10a1c-df7d-46a2-af6a-8f2e124ae10d,63650506,Carter,Chen,(419)-722-9389,carter.chen@example.com,Peachgrove Road,8763
2b8c4195-c425-4173-8eb1-14e22ba61264,920296660,Prvoslav,Petković,021-1808-828,prvoslav.petkovic@example.com,Milorada Živkovića,7461
58c488ae-5303-4ded-9ee6-379bc5d799c5,191201017,Nicole,Kelly,03-9376-2247,nicole.kelly@example.com,Washington Ave,8427
fc1a023e-e07a-42a3-8a78-841003ebaf5a,30089924193,Ingmar,Røsand,78189239,ingmar.rosand@example.com,Fetsundgata,2186
1e5a2e1f-9cf4-4a6a-b763-223125aed0d7,464425930,Vladoje,Vujić,013-4855-509,vladoje.vujic@example.com,Kolibinska,1848
4e328af0-a87e-461c-9a99-7922c05db6c2,84496758100,Dharmesh,Kouser,9027869257,dharmesh.kouser@example.com,Raviwar Peth,6820
60b45384-217e-4d25-9356-746b9a3387e2,7561548548198,René,Mathieu,075 691 76 77,rene.mathieu@example.com,Rue des Abbesses,251
be139964-e829-4e5d-944c-21028b8988e1,82180499,Barry,Verschure,(0180) 383473,barry.verschure@example.com,Dirk Swarteveldplein,4863
2d36cf6a-46c0-495c-b31f-21dcd8ca50b4,963,Mikael,Linna,04-701-143,mikael.linna@example.com,Bulevardi,6722
85412ebd-b217-4c98-9ffb-5962b08039ed,8824326,Julie,Knight,031-385-6634,julie.knight@example.com,Park Avenue,4824
7501fcf1-2af3-4675-bd06-9fda597c098b,59660055,Jarnick,Ruijten,(0190) 358068,jarnick.ruijten@example.com,De Bruijnhof,8364
51d7f1f1-5733-4f3b-a549-8233d25d1036,24019419,پرنیا,سلطانی نژاد,022-30827395,prny.sltnynjd@example.com,پارک لاله,855
10900941-b142-412f-aa0b-75a392c8a4a6,7568071685642,Tamara,Picard,076 442 71 79,tamara.picard@example.com,Rue de L'Abbé-Rousselot,2894
bbf7283d-84ce-4f3d-bf3f-8b6fb32d9f0f,87898723,Sonia,Bravo,978-211-596,sonia.bravo@example.com,Calle de Téllez,5794
abb19a96-93d6-4987-8f66-40e123c4ec35,9790203,Juan,Gordon,061-775-9365,juan.gordon@example.com,York Road,6925
a2f9b372-1dec-4383-a1fd-f96df16257a9,632443436,Avram,Kovač,026-9306-310,avram.kovac@example.com,Dimitrija Sabova ,761
72caba28-2c2b-4e86-97d6-e5ee8cc355dd,46872285,Eliane,Van Maurik,(0099) 392447,eliane.vanmaurik@example.com,Bregesleatswei,7054
e2c6d61f-088c-4b9f-b812-7b806159e2d1,20238746,Hugo,Jones,(501)-318-7700,hugo.jones@example.com,Universal Drive,1767
01d7f1b3-a28c-470f-817c-d3cc1c179aaa,20841550,Hunter,Lewis,(581)-318-1991,hunter.lewis@example.com,Devonport Road,7636
3cdd08b6-7563-48df-86b5-6c8414ff986b,7569627419494,Fabienne,Roche,077 043 78 46,fabienne.roche@example.com,Rue Barrème,7482
c78533bb-ba5c-4e6f-a369-6a996898b8bb,5563454,Cathriona,Hudson,071-075-6122,cathriona.hudson@example.com,Green Lane,3775
7b4318c0-069a-4260-b72c-53759949a199,1802513337,Sander,Møller,31725841,sander.moller@example.com,Hybenvej,1154
0605c395-c432-4a08-bde5-a0afc7afe7bd,70566613,Lolit,Yackiv,(097) H54-0847,lolit.yackiv@example.com,Arsenalska,4383
1b3280ce-65bf-443b-bfcd-84478bca7699,269816679,Lonnie,Steeves ,(367) 302-4605,lonnie.steeves@example.com,Spring Hill Rd,110
6d967b53-ee3a-41f9-9036-e8259e8196ad,448772,Jerome,Sims,01934 42010,jerome.sims@example.com,Park Avenue,2161
231b6a8b-c56b-493a-ada1-9b06d342b1b8,18089816242,Hannah,Magnusson,53400285,hannah.magnusson@example.com,Østvangveien,1194
e2ab8be4-37c2-4dba-b057-ab3836736c5a,43119436,Ece,Hamzaoğlu,(421)-291-2307,ece.hamzaoglu@example.com,Vatan Cd,3945
50e21409-3b9c-4802-878f-ecd7cfd3626d,144081571710951,Oscar,Lopez,01-74-93-96-19,oscar.lopez@example.com,Rue des Jardins,3407
d4e3fbd4-06d6-4b23-8ee2-8ce5a859ec37,704353416,Antoine,Mackay,W95 U51-0136,antoine.mackay@example.com,3rd St,7854
87de6625-d2bc-4a65-8dd0-7a3393a9f1c7,5198974,Charlotte,Jordan,071-321-7326,charlotte.jordan@example.com,George Street,4626
798d0491-30ac-4e5b-b8fc-72f722c949e6,303675732,Anton,Poulsen,17838313,anton.poulsen@example.com,Skovtoften,129
d2f153ed-938d-4b82-9d00-74fb893ca4c1,690023,Matthew,Martin,019467 86996,matthew.martin@example.com,Park Road,6412
f03e5dca-89f3-4f90-ad20-7c8ca0a8e051,38169142,Vildan,Alnıaçık,(920)-365-3809,vildan.alniacik@example.com,Istiklal Cd,8127
2832905a-179d-48ff-bd84-c852ef27639f,656889698,Simon,Singh,Z84 H48-9714,simon.singh@example.com,Duke St,4188
a6e8d1d0-731b-4b84-a195-288a95db2010,65686477,Miloduh,Batig,(097) Q27-0330,miloduh.batig@example.com,Latviyskiy provulok,2098
008ad096-6988-4ed8-afc3-fbede202e1e6,316915,Shaun,Clarke,013873 65001,shaun.clarke@example.com,Park Avenue,9758
02b85184-b012-43da-bbbe-88b66f4d3c19,769947,Patricia,Grant,017684 36106,patricia.grant@example.com,Church Road,7153
f62a901a-c6ea-40cc-9dda-a53cfd37fbaf,44758195,Archie,Evans,(980)-438-3037,archie.evans@example.com,Memorial Avenue,6724
500f4a12-fdce-4bec-a77e-5c3dea1b3f06,72255509055,Isabelina,Rocha,(31) 7728-3945,isabelina.rocha@example.com,Rua Treze de Maio ,1920
c397cd10-a305-4f03-8f68-8c313ee15eee,73190349056,Danilo,Hipp,0196-5044788,danilo.hipp@example.com,Rosenstraße,7800
e8f891d4-2a47-4fa9-82f5-c69b6d4ddcbf,16114421182,Pelle,Frøyen,56950460,pelle.froyen@example.com,Frydenbergveien,3253
9ab13c5e-081f-4776-aed8-88facb64a075,869260,Clarence,Robinson,019467 18108,clarence.robinson@example.com,St. John’S Road,1951
e2b6f6b6-72be-4cf4-871e-99dd7e2a125e,298134880,Lidija,Živojinović,028-8283-613,lidija.zivojinovic@example.com,Bore Radojevića,6295
41ee8852-a1c8-4f50-ad29-be3756dd1fe0,802018162,Perry,Day,07-3982-2965,perry.day@example.com,Hunters Creek Dr,6837
d7985d87-ba57-459c-9cc0-14ca0adc95f6,2305656839,Alma,Larsen,30479725,alma.larsen@example.com,Sneppevej,6274
48817eaf-b19d-47bf-a2f2-88f9e2ed9a83,126479484,Alexis,Mitchell,V22 P57-8972,alexis.mitchell@example.com,Dufferin St,8533
39ab618e-ed08-4b59-823c-67f1cfe50187,7569114433741,Peter,David,076 246 95 82,peter.david@example.com,Quai Charles-De-Gaulle,8270
ef21c185-5aed-429a-afc8-e4dd150e980e,14765828169,Lakshit,Padmanabha,7811570179,lakshit.padmanabha@example.com,College St,4082
e277e905-766b-4eb8-9677-3be508f8fb82,601913876265,Bharathy,Dawangave,7450239917,bharathy.dawangave@example.com,Rajpur Rd,5345
d4e2909e-1b6c-4376-8bbc-2e8710aaa146,20100274242,Franz-Josef,Runkel,0582-4307608,franz-josef.runkel@example.com,Wiesenweg,835
309510e5-0531-45ca-b7bc-dbd12c3da98e,463742,Marie,Holland,015394 32252,marie.holland@example.com,New Road,4382
d6e61452-1977-4c65-830d-4b2d51427724,325679378,Stanoje,Nikolić,010-0021-344,stanoje.nikolic@example.com,Danice Aćimac,4814
860d3cf9-3dad-4022-9e46-44ef42c8cf8a,584542084,Aubrey,Armstrong,02-4143-0947,aubrey.armstrong@example.com,Blossom Hill Rd,9431
5afcc38f-67df-494b-acd3-d4d902c69f95,997594590,Vukan,Anđelić,028-9299-159,vukan.andelic@example.com,Porodice Milošević,2057
3a38ea35-0d98-4ed0-9d14-415b0c889b16,225933871,Willie,Johnston,(231) 513-7280,willie.johnston@example.com,Daisy Dr,9898
914c787a-7fbf-4187-b714-9a18def6a128,65359709,Smiyana,Strocen,(099) E10-7696,smiyana.strocen@example.com,Bulvar Tarasa Shevchenka,53
ccf5539e-7b75-43fc-956d-67317df39e9f,43761442,Korina,Lazorko,(096) F81-9709,korina.lazorko@example.com,Avtomobilistiv,6959
05b6c540-3498-4ce0-b071-e7815d816bcd,55759639,Sümeyye,Van Vessem,(015) 3990391,sumeyye.vanvessem@example.com,Cornelis Houtmanplein,8297
bf1f939a-c979-4aee-b61c-4bc6a00b6000,437140833,Jovan,Vujičić,039-0270-991,jovan.vujicic@example.com,Dvoržakova,6569
f173bd78-dadb-4823-ab01-b765590ceb6b,74018435,Baris,Crommentuijn,(0631) 197054,baris.crommentuijn@example.com,Kon Wilhelminastraat,6533
2e2692f4-a8f0-4636-aeab-ca1f8d496c42,579766577,Ariane,Lam,F12 A61-7354,ariane.lam@example.com,Oak St,7165
b436f176-fe75-4e6f-a60a-89573fbcbc61,275022542824455,Coline,Aubert,01-76-82-09-89,coline.aubert@example.com,Rue de la Gare,8214
3f0067dc-d208-4f1f-9f91-98641011b3c8,876986130417,Manthan,Gupta,7847802765,manthan.gupta@example.com,Kazimar St,194
6a47546f-e7fe-4cb6-a4d5-b8c9d212cf96,297002371479157,Rose,Morel,02-58-83-62-49,rose.morel@example.com,Rue Dumenge,8389
9c6cff9d-9937-40b1-b6c7-34e3c7a7fc5c,30027921,Harriet,Roberts,(536)-576-5891,harriet.roberts@example.com,Ravensbourne Road,9788
4d87f47f-aebd-427b-aa65-313784a7efb8,7569409427664,Florence,Thomas,078 420 28 23,florence.thomas@example.com,Rue Dubois,4850
1536477d-eeee-4f12-9e40-7668626ecab1,7562466513485,Sara,Leroy,079 762 84 70,sara.leroy@example.com,Rue Duguesclin,7322
b12836be-8cf2-45ae-a89c-4355f83e8c22,62093339,Hanne,Hovius,(044) 1084471,hanne.hovius@example.com,Achterheuvel,5843
229d2d36-ab95-4e57-89a0-4313e6ed0433,7565863339789,Sarah,David,079 596 48 84,sarah.david@example.com,Rue de la Fontaine,714
eec29f89-627d-41c5-bbff-3528990fce44,24623580,Lamiae,Huibregtse,(026) 3040633,lamiae.huibregtse@example.com,Grotestraat Centrum,9776
2278b81f-94fd-4973-b20a-43f006870ede,698476413,Benjamin,Gauthier,I80 B12-3318,benjamin.gauthier@example.com,Main St,9705
9a2d546f-0534-4c3e-9a37-a156b9ee518d,673162,Willard,Washington,0115492 350 6968,willard.washington@example.com,Main Street,1768
a71d1a04-35b9-4a2e-82c8-30267d544c61,164258842,Martin,Dixon,07-0279-9575,martin.dixon@example.com,Blossom Hill Rd,5847
61b79d23-edca-4ae8-83a7-170880e606c3,532257181,Clinton,Peck,(815) 855-5445,clinton.peck@example.com,Country Club Rd,6265
39a2005e-37ee-4749-ac1a-55fc22d5fc0d,765993319,Mirna,Glavaš,028-3765-639,mirna.glavas@example.com,Cerska,3777
24df7620-60e9-402c-92db-9eb6703a9086,7458930404,Eric,Aguirre,(661) 187 3056,eric.aguirre@example.com,Ampliación Zacatecas,4153
efc89d97-22fe-445f-88b2-d99a2594c7eb,298066224484896,Jade,Henry,04-23-91-82-95,jade.henry@example.com,Rue de la Gare,6089
c273a196-abfa-4f9a-8a20-aa8c78639a31,42230850492,Karl-Wilhelm,Krahl,0088-8010962,karl-wilhelm.krahl@example.com,Mühlenstraße,1284
5f3ec6a7-fe0b-47e0-8fa9-ccad27178975,71873934,Richardus,Dunnewind,(017) 7948946,richardus.dunnewind@example.com,Hoedekenskerkestraat,4319
19ea465e-b6e3-44d8-86b5-5f2a9ff5f27d,59071172529,Arménio,Campos,(97) 9892-1030,armenio.campos@example.com,Rua José Bonifácio ,5673
27135a57-c1d7-4d7d-b7b2-7a9c48c34117,72091019,Ceyhan,Elmastaşoğlu,(635)-850-2702,ceyhan.elmastasoglu@example.com,Bağdat Cd,2983
9338834a-946c-49f9-ae19-e55d32fdfca0,9754190060,Hernán,Casanova,(676) 563 6296,hernan.casanova@example.com,Viaducto Quintana Roo,5574
087b29f9-29cb-497e-a7e0-8a2d0929723b,33271580,Ievlampiy,Chishko,(096) O20-4250,ievlampiy.chishko@example.com,Oleksandra Arhipenka,6938
be77ab0b-68ad-452d-aa73-9bec2605241f,17268,Bradley,Kelly,019467 75916,bradley.kelly@example.com,New Road,5064
ab4e3eb5-212e-41ce-bd50-d9d4fe15b0ec,153006357852894,Naël,Duval,03-34-17-17-93,nael.duval@example.com,Quai Chauveau,3429
364bed0e-8353-4a4a-b858-2893a8eb119b,8540795,Radmila,Stevanović,018-4139-766,radmila.stevanovic@example.com,Patrijarha Jefrema,1003
4a136238-978d-44e4-b398-9de14fb25a29,301890420582,Ronith,Pai,8619485824,ronith.pai@example.com,Coaker's Walk,2098
165f37df-d409-47a2-a0ba-5d9bb729c6a4,71580848,Chloe,White,(732)-429-8229,chloe.white@example.com,The Square,2820
f821df8a-0e08-466f-beb0-f2ad17db8825,1081272,James,Ambrose,H91 X12-5753,james.ambrose@example.com,Main St,2534
eb189663-e614-407e-bbb4-6a35cf4db262,8522694,Michelle,Hicks,011-614-5009,michelle.hicks@example.com,Grange Road,3559
6def6cb3-17cf-46bb-8566-0fab4aa75429,67744501260,Carlota,de la Crúz,(671) 724 7094,carlota.delacruz@example.com,Corredor Sevilla,1932
08baf99d-030f-418e-9f7c-921e2a91d256,79299519,Aster,Ploeger,(034) 2995510,aster.ploeger@example.com,Hennie van Andelhof,4621
eb110c39-6101-46fc-878c-6cf7a61eb2e6,333471577987,Bakhshi,Jain,7334701454,bakhshi.jain@example.com,Coaker's Walk,6548
312e98e4-4bd6-4c08-abac-970ac33173e2,558,Emmi,Rajala,09-435-682,emmi.rajala@example.com,Mannerheimintie,6270
fd73bfb2-e6f3-44ea-bb31-4def18808362,3310555,Ray,Robertson,071-295-6520,ray.robertson@example.com,The Crescent,7045
b38e5b8c-cb9e-41ed-86d5-12f25cd9fa96,35355774,Mónica,Alonso,902-843-275,monica.alonso@example.com,Calle de La Almudena,7819
0f7b58e4-8cbc-41aa-a5b2-9f8cc153cbe1,729046466,Louis,Park,C62 F94-4351,louis.park@example.com,Cedar St,2459
7d46494e-09bc-439f-9922-5c044523b21d,15099954393,Zulmira,Porto,(16) 3449-4653,zulmira.porto@example.com,Rua Vinte E Dois ,1286
e03333fa-b1e9-469d-8478-a5d43611b6c2,1700200840,Taciane,Moraes,(12) 7888-4574,taciane.moraes@example.com,Rua Dom Pedro Ii ,3570
8c367ab5-692c-42f8-9cc7-d24f7119a1e9,553808530,Ralph,Martin,(290) 302-6678,ralph.martin@example.com,Crockett St,9564
4e3542a9-8a1f-4db6-ab1d-0bed9344a45f,249019700989041,Enola,Caron,04-93-21-43-64,enola.caron@example.com,Avenue Jean-Jaurès,759
d1251f31-afed-414a-8801-7dc8c19fbcd7,59230754558,Lioba,Roloff,0876-9589935,lioba.roloff@example.com,Ringstraße,6213
afa2a9a8-4eb3-4b3e-9036-ac330aea0e8e,762167575,Lucy,Duncan,00-3416-9439,lucy.duncan@example.com,Country Club Rd,8778
1be6aaa8-0cca-4326-b2c8-362fc43f6df8,28410315,Esat,Akal,(528)-670-8702,esat.akal@example.com,Fatih Sultan Mehmet Cd,989
06c7b66d-4a8c-4b84-b0d9-bfbb8b7985c2,26282777,Manuela,García,906-070-910,manuela.garcia@example.com,Calle de Ferraz,126
0fa480c7-12d0-4dd3-a989-23cebe404fa9,757,Eemil,Tervo,07-612-408,eemil.tervo@example.com,Pirkankatu,4514
0eb798df-2be8-4c9c-a6d7-7a96fae6233b,341332724,Florence,Lavoie,L03 D59-5231,florence.lavoie@example.com,Argyle St,4720
86f5c933-6c31-404d-bae2-f231112ccb66,442,Aino,Nikula,03-344-654,aino.nikula@example.com,Otavalankatu,7254
33c70ae0-ef62-46a5-9089-05c474f9dbd2,9065441346,Tymon,Refsdal,25072836,tymon.refsdal@example.com,Havnabakken,410
46f5d1c6-5428-49d5-aee2-51f34b0f11d2,79561632,Natalya,Onisko,(067) Q54-5798,natalya.onisko@example.com,Tavriyska,1198
52c1ec19-f691-4e05-be88-81ee4d47cac7,22446633,Harry,Walker,(950)-419-0203,harry.walker@example.com,Roscommon Road,468
638f4186-57ca-4c68-9d14-a19a39191178,43112933,Miloduh,Babiychuk,(096) Q62-3597,miloduh.babiychuk@example.com,Melnichenka,9058
435375b0-3cd9-4f48-b9b7-e38dde00e67f,38112516,Henrikus,Te Hennepe,(0479) 923031,henrikus.tehennepe@example.com,Den Brielstraat,8115
86bb1393-9ba8-11ee-8229-d85ed32d8ef7,123123123,1231231,123123123w,56465,w@,w,0
